id;url;name;alt;description
1;http://lizeth.com;Towels Avon;Alabama;Buckinghamshire back-end Legacy
2;http://lincoln.net;Account Concrete;reinvent;invoice
3;https://kaitlyn.org;Usability Yuan;Soft Land brand;Car one-to-one
4;http://sonia.info;even-keeled synthesizing;Sports back-end payment;grey
5;https://alphonso.name;AI Granite;Mississippi Shoes;methodology Luxembourg Account
6;http://naomi.info;Hampshire copy;emulation Chips Account;array Ecuador partnerships
7;http://callie.net;compress;deposit Corporate connect;Island bricks-and-clicks HTTP
8;https://trinity.info;Investment;array;Loan Table Direct
9;https://jerome.org;quantifying indexing Personal;Networked protocol;indexing Keyboard Sports
10;https://audie.com;Libyan wireless;Tactics program protocol;mesh Organized
